-- MySQL dump 10.13  Distrib 8.0.30, for Win64 (x86_64)
--
-- Host: localhost    Database: shopping-shoes
-- ------------------------------------------------------
-- Server version	8.0.30

/*!40101 SET @OLD_CHARACTER_SET_CLIENT=@@CHARACTER_SET_CLIENT */;
/*!40101 SET @OLD_CHARACTER_SET_RESULTS=@@CHARACTER_SET_RESULTS */;
/*!40101 SET @OLD_COLLATION_CONNECTION=@@COLLATION_CONNECTION */;
/*!50503 SET NAMES utf8 */;
/*!40103 SET @OLD_TIME_ZONE=@@TIME_ZONE */;
/*!40103 SET TIME_ZONE='+00:00' */;
/*!40014 SET @OLD_UNIQUE_CHECKS=@@UNIQUE_CHECKS, UNIQUE_CHECKS=0 */;
/*!40014 SET @OLD_FOREIGN_KEY_CHECKS=@@FOREIGN_KEY_CHECKS, FOREIGN_KEY_CHECKS=0 */;
/*!40101 SET @OLD_SQL_MODE=@@SQL_MODE, SQL_MODE='NO_AUTO_VALUE_ON_ZERO' */;
/*!40111 SET @OLD_SQL_NOTES=@@SQL_NOTES, SQL_NOTES=0 */;

--
-- Table structure for table `category`
--

DROP TABLE IF EXISTS `category`;
/*!40101 SET @saved_cs_client     = @@character_set_client */;
/*!50503 SET character_set_client = utf8 */;
CREATE TABLE `category` (
  `CategoryID` int NOT NULL AUTO_INCREMENT,
  `CategoryName` varchar(250) NOT NULL,
  PRIMARY KEY (`CategoryID`)
) ENGINE=InnoDB AUTO_INCREMENT=6 DEFAULT CHARSET=utf8 COLLATE=utf8_general_ci;
/*!40101 SET character_set_client = @saved_cs_client */;

--
-- Dumping data for table `category`
--

LOCK TABLES `category` WRITE;
/*!40000 ALTER TABLE `category` DISABLE KEYS */;
INSERT INTO `category` VALUES (1,'Nike'),(2,'Adidas'),(3,'Puma'),(4,'Converse'),(5,'Merrell');
/*!40000 ALTER TABLE `category` ENABLE KEYS */;
UNLOCK TABLES;

--
-- Table structure for table `information`
--

DROP TABLE IF EXISTS `information`;
/*!40101 SET @saved_cs_client     = @@character_set_client */;
/*!50503 SET character_set_client = utf8 */;
CREATE TABLE `information` (
  `Phone` varchar(15) DEFAULT NULL,
  `Email` varchar(500) DEFAULT NULL,
  `Address` varchar(800) DEFAULT NULL
) ENGINE=InnoDB DEFAULT CHARSET=utf8 COLLATE=utf8_general_ci;
/*!40101 SET character_set_client = @saved_cs_client */;

--
-- Dumping data for table `information`
--

LOCK TABLES `information` WRITE;
/*!40000 ALTER TABLE `information` DISABLE KEYS */;
INSERT INTO `information` VALUES ('0888346324','19110091@student.hcmute.edu.vn','Building 1 Vo Van Ngan, Thu Duc District, Ho Chi Minh City');
/*!40000 ALTER TABLE `information` ENABLE KEYS */;
UNLOCK TABLES;

--
-- Table structure for table `orderline`
--

DROP TABLE IF EXISTS `orderline`;
/*!40101 SET @saved_cs_client     = @@character_set_client */;
/*!50503 SET character_set_client = utf8 */;
CREATE TABLE `orderline` (
  `OrderLineID` int NOT NULL AUTO_INCREMENT,
  `OderID` int NOT NULL,
  `ProductID` int NOT NULL,
  `Quantity` int NOT NULL,
  `Price` double NOT NULL,
  `Size` int NOT NULL,
  PRIMARY KEY (`OrderLineID`)
) ENGINE=InnoDB AUTO_INCREMENT=97 DEFAULT CHARSET=utf8 COLLATE=utf8_general_ci;
/*!40101 SET character_set_client = @saved_cs_client */;

--
-- Dumping data for table `orderline`
--

LOCK TABLES `orderline` WRITE;
/*!40000 ALTER TABLE `orderline` DISABLE KEYS */;
INSERT INTO `orderline` VALUES (69,56,61,1,98,39),(70,57,37,1,225,39),(71,57,76,1,61,39),(72,58,31,1,350,39),(73,59,35,3,225,42),(74,60,2,1,130,41),(75,61,41,1,50,39),(76,61,49,1,130,42),(77,62,61,1,98,39),(78,63,34,1,85,39),(79,64,58,1,110,42),(80,65,63,1,190,43),(81,65,82,2,600,43),(82,66,71,2,250,42),(83,67,67,1,176,42),(84,68,63,1,190,40),(85,69,41,1,50,39),(86,69,36,4,420,40),(87,70,1,4,920,38),(88,70,8,1,130,38),(89,71,8,1,130,42),(90,71,4,1,130,38),(91,72,9,1,100,38),(92,73,41,1,50,38),(93,73,43,1,58,38),(94,74,58,1,110,38),(95,75,60,1,90,38),(96,75,31,1,350,38);
/*!40000 ALTER TABLE `orderline` ENABLE KEYS */;
UNLOCK TABLES;

--
-- Table structure for table `orders`
--

DROP TABLE IF EXISTS `orders`;
/*!40101 SET @saved_cs_client     = @@character_set_client */;
/*!50503 SET character_set_client = utf8 */;
CREATE TABLE `orders` (
  `OrderID` int NOT NULL AUTO_INCREMENT,
  `Date` varchar(30) DEFAULT NULL,
  `UserID` int NOT NULL,
  `TotalMoney` double NOT NULL,
  `Phone` varchar(12) DEFAULT NULL,
  `Address` varchar(200) DEFAULT NULL,
  PRIMARY KEY (`OrderID`)
) ENGINE=InnoDB AUTO_INCREMENT=76 DEFAULT CHARSET=utf8 COLLATE=utf8_general_ci;
/*!40101 SET character_set_client = @saved_cs_client */;

--
-- Dumping data for table `orders`
--

LOCK TABLES `orders` WRITE;
/*!40000 ALTER TABLE `orders` DISABLE KEYS */;
INSERT INTO `orders` VALUES (56,'2022-12-06',8,98,'0888346324','Ho Chi Minh'),(57,'2022-12-06',8,286,'088346324','Ho Chi Minh'),(58,'2022-12-06',8,350,'0987654321','Bien Hoa'),(59,'2022-12-06',8,225,'0987654321','Bien Hoa'),(60,'2022-12-07',10,130,'0888346324','Trang Dai'),(61,'2022-12-07',10,180,'0888346324','Bien Hoa-Dong Nai'),(62,'2022-12-07',10,98,'0888346324','Bien Hoa'),(63,'2022-12-07',10,85,'0888346324','Trang Dai'),(64,'2022-12-07',10,110,'088346324','Bien Hoa - Dong Nai'),(65,'2022-12-07',10,790,'0888346324','Bien Hoa - Dong Nai'),(66,'2022-12-07',10,250,'0888346324','Bien Hoa - Dong Nai'),(67,'2022-12-07',10,176,'0888346324','Bien Hoa - Dong Nai'),(68,'2022-12-07',10,190,'0888346324','Bien Hoa - Dong Nai'),(69,'2022-12-07',10,470,'0888346324','Bien Hoa'),(70,'2022-12-07',10,1050,'0987654321','Ho Chi Minh'),(71,'2022-12-07',10,260,'0987654321','Ho Chi Minh'),(72,'2022-12-07',10,100,'0987654321','Ho Chi Minh'),(73,'2022-12-07',10,108,'0987654321','Ho Chi Minh'),(74,'2022-12-07',10,110,'0987654321','Ho Chi Minh'),(75,'2022-12-07',10,440,'0987654321','Ho Chi Minh');
/*!40000 ALTER TABLE `orders` ENABLE KEYS */;
UNLOCK TABLES;

--
-- Table structure for table `product`
--

DROP TABLE IF EXISTS `product`;
/*!40101 SET @saved_cs_client     = @@character_set_client */;
/*!50503 SET character_set_client = utf8 */;
CREATE TABLE `product` (
  `ProductID` int NOT NULL AUTO_INCREMENT,
  `ProductName` varchar(500) DEFAULT NULL,
  `Description` varchar(1000) DEFAULT NULL,
  `Price` double DEFAULT NULL,
  `imageLink` varchar(500) DEFAULT NULL,
  `CategoryID` int DEFAULT NULL,
  `SellerID` int DEFAULT NULL,
  `Amount` int DEFAULT NULL,
  PRIMARY KEY (`ProductID`)
) ENGINE=InnoDB AUTO_INCREMENT=83 DEFAULT CHARSET=utf8 COLLATE=utf8_general_ci;
/*!40101 SET character_set_client = @saved_cs_client */;

--
-- Dumping data for table `product`
--

LOCK TABLES `product` WRITE;
/*!40000 ALTER TABLE `product` DISABLE KEYS */;
INSERT INTO `product` VALUES (1,'Nike Air Max 97 SE','Push your style full speed ahead with the Nike Air Max 97. Inspired by the streamlined look of bullet trains, this iteration has been given a warm and cosy update thanks to soft suede and highly textured woven fabrics. Full-length Nike Air cushioning lets you ride in first-class comfort.',230,'shoe1.png',1,1,40),(2,'CAMPUS 80S SPORTY & RICH','Push your style full speed ahead with the CAMPUS 80S SPORTY & RICH. Inspired by the streamlined look of bullet trains, this iteration has been given a warm and cosy update thanks to soft suede and highly textured woven fabrics. Full-length CAMPUS 80S SPORTY & RICH cushioning lets you ride in first-class comfort.',130,'shoe2.png',2,1,8),(3,'Pure XT Refined Men\'s Training Shoes','Push your style full speed ahead with the Nike Air Max 97. Inspired by the streamlined look of bullet trains, this iteration has been given a warm and cosy update thanks to soft suede and highly textured woven fabrics. Full-length Nike Air cushioning lets you ride in first-class comfort.',100,'shoe3.png',3,1,23),(4,'Converse Keith Haring','Push your style full speed ahead with the Nike Air Max 97. Inspired by the streamlined look of bullet trains, this iteration has been given a warm and cosy update thanks to soft suede and highly textured woven fabrics. Full-length Nike Air cushioning lets you ride in first-class comfort.',130,'shoe4.png',4,1,43),(5,'Men\'s Embark Lace Sneaker','Push your style full speed ahead with the Nike Air Max 97. Inspired by the streamlined look of bullet trains, this iteration has been given a warm and cosy update thanks to soft suede and highly textured woven fabrics. Full-length Nike Air cushioning lets you ride in first-class comfort.',110,'shoe5.png',5,1,66),(6,'Nike Vaporfly NEXT% 2','Push your style full speed ahead with the Nike Air Max 97. Inspired by the streamlined look of bullet trains, this iteration has been given a warm and cosy update thanks to soft suede and highly textured woven fabrics. Full-length Nike Air cushioning lets you ride in first-class comfort.',330,'shoe6.png',1,1,33),(7,'SUPERSTAR','Push your style full speed ahead with the Nike Air Max 97. Inspired by the streamlined look of bullet trains, this iteration has been given a warm and cosy update thanks to soft suede and highly textured woven fabrics. Full-length Nike Air cushioning lets you ride in first-class comfort.',200,'shoe7.png',2,1,33),(8,'Men\'s Training Shoes','Push your style full speed ahead with the Nike Air Max 97. Inspired by the streamlined look of bullet trains, this iteration has been given a warm and cosy update thanks to soft suede and highly textured woven fabrics. Full-length Nike Air cushioning lets you ride in first-class comfort.',130,'shoe8.png',3,1,52),(9,'CONVERSE RECYCLED RPET CANVAS','Push your style full speed ahead with the Nike Air Max 97. Inspired by the streamlined look of bullet trains, this iteration has been given a warm and cosy update thanks to soft suede and highly textured woven fabrics. Full-length Nike Air cushioning lets you ride in first-class comfort.',100,'shoe9.png',4,1,48),(10,'Men\'s Embark Lace Sneaker','Push your style full speed ahead with the Nike Air Max 97. Inspired by the streamlined look of bullet trains, this iteration has been given a warm and cosy update thanks to soft suede and highly textured woven fabrics. Full-length Nike Air cushioning lets you ride in first-class comfort.',150,'shoe10.png',5,1,52),(11,'Nike Pegasus 39','Push your style full speed ahead with the Nike Air Max 97. Inspired by the streamlined look of bullet trains, this iteration has been given a warm and cosy update thanks to soft suede and highly textured woven fabrics. Full-length Nike Air cushioning lets you ride in first-class comfort.',200,'shoe11.png',1,1,23),(12,'NMD_R1','Push your style full speed ahead with the Nike Air Max 97. Inspired by the streamlined look of bullet trains, this iteration has been given a warm and cosy update thanks to soft suede and highly textured woven fabrics. Full-length Nike Air cushioning lets you ride in first-class comfort.',250,'shoe12.png',2,1,32),(13,'Fuse 2.0 Men\'s Training Shoes','Push your style full speed ahead with the Nike Air Max 97. Inspired by the streamlined look of bullet trains, this iteration has been given a warm and cosy update thanks to soft suede and highly textured woven fabrics. Full-length Nike Air cushioning lets you ride in first-class comfort.',210,'shoe13.png',3,1,22),(14,'Converse Keith Haring','Push your style full speed ahead with the Nike Air Max 97. Inspired by the streamlined look of bullet trains, this iteration has been given a warm and cosy update thanks to soft suede and highly textured woven fabrics. Full-length Nike Air cushioning lets you ride in first-class comfort.',300,'shoe14.png',4,1,53),(15,'Men\'s Moab Speed','Push your style full speed ahead with the Nike Air Max 97. Inspired by the streamlined look of bullet trains, this iteration has been given a warm and cosy update thanks to soft suede and highly textured woven fabrics. Full-length Nike Air cushioning lets you ride in first-class comfort.',340,'shoe15.png',5,51,53),(16,'Nike SB Force 58','Push your style full speed ahead with the Nike Air Max 97. Inspired by the streamlined look of bullet trains, this iteration has been given a warm and cosy update thanks to soft suede and highly textured woven fabrics. Full-length Nike Air cushioning lets you ride in first-class comfort.',225,'shoe16.png',1,1,34),(17,'FORUM LOW CL','Push your style full speed ahead with the Nike Air Max 97. Inspired by the streamlined look of bullet trains, this iteration has been given a warm and cosy update thanks to soft suede and highly textured woven fabrics. Full-length Nike Air cushioning lets you ride in first-class comfort.',130,'shoe17.png',2,1,32),(18,'Pure XT Fresh Men\'s Training Shoes','Push your style full speed ahead with the Nike Air Max 97. Inspired by the streamlined look of bullet trains, this iteration has been given a warm and cosy update thanks to soft suede and highly textured woven fabrics. Full-length Nike Air cushioning lets you ride in first-class comfort.',221,'shoe18.png',3,1,12),(19,'Converse CX Explore Roots','Push your style full speed ahead with the Nike Air Max 97. Inspired by the streamlined look of bullet trains, this iteration has been given a warm and cosy update thanks to soft suede and highly textured woven fabrics. Full-length Nike Air cushioning lets you ride in first-class comfort.',123,'shoe19.png',4,1,12),(20,'Men\'s Alpine Sneaker Sport','Push your style full speed ahead with the Nike Air Max 97. Inspired by the streamlined look of bullet trains, this iteration has been given a warm and cosy update thanks to soft suede and highly textured woven fabrics. Full-length Nike Air cushioning lets you ride in first-class comfort.',245,'shoe20.png',5,1,12),(21,'Nike React Infinity Run Flyknit 3 Premium','Stay on your feet, so that you can take on today\'s quick 2-miler and bounce back in time for a longer run tomorrow. A wider forefoot and higher foam stacks add super-soft cushioning, giving you the peace of mind to pound the pavement every day. The springy responsiveness adds an element of speed to our most tested shoe to help you go faster and farther. It\'s a radiant, empowering twist on a running essential, inspired by our human pacers who inspire through connection.',300,'shoe21.png',1,0,34),(22,'Nike Revolution 6','Stay on your feet, so that you can take on today\'s quick 2-miler and bounce back in time for a longer run tomorrow. A wider forefoot and higher foam stacks add super-soft cushioning, giving you the peace of mind to pound the pavement every day.',130,'shoe22.png',1,1,22),(23,'Nike Air Zoom Tempo NEXT%','Stay on your feet, so that you can take on today\'s quick 2-miler and bounce back in time for a longer run tomorrow. A wider forefoot and higher foam stacks add super-soft cushioning, giving you the peace of mind to pound the pavement every day.',211,'shoe23.png',1,1,41),(24,'NMD_R1','Stay on your feet, so that you can take on today\'s quick 2-miler and bounce back in time for a longer run tomorrow. A wider forefoot and higher foam stacks add super-soft cushioning, giving you the peace of mind to pound the pavement every day.',323,'shoe24.png',2,1,11),(25,'MULTRABOOST 22','Stay on your feet, so that you can take on today\'s quick 2-miler and bounce back in time for a longer run tomorrow. A wider forefoot and higher foam stacks add super-soft cushioning, giving you the peace of mind to pound the pavement every day.',225,'shoe25.png',2,1,13),(26,' Nike Air Zoom Pegasus 38 ','Stay on your feet, so that you can take on today\'s quick 2-miler and bounce back in time for a longer run tomorrow. A wider forefoot and higher foam stacks add super-soft cushioning, giving you the peace of mind to pound the pavement every day. The springy responsiveness adds an element of speed to our most tested shoe to help you go faster and farther. It\'s a radiant, empowering twist on a running essential, inspired by our human pacers who inspire through connection.',367,'shoe26.png',1,0,40),(27,' Nike Mercurial Vapor 14 Academy TF','Stay on your feet, so that you can take on today\'s quick 2-miler and bounce back in time for a longer run tomorrow. A wider forefoot and higher foam stacks add super-soft cushioning, giving you the peace of mind to pound the pavement every day. The springy responsiveness adds an element of speed to our most tested shoe to help you go faster and farther. It\'s a radiant, empowering twist on a running essential, inspired by our human pacers who inspire through connection.',187,'shoe27.png',1,1,53),(28,' Nebzed Cloudform Lifestyle Running','Stay on your feet, so that you can take on today\'s quick 2-miler and bounce back in time for a longer run tomorrow. A wider forefoot and higher foam stacks add super-soft cushioning, giving you the peace of mind to pound the pavement every day. The springy responsiveness adds an element of speed to our most tested shoe to help you go faster and farther. It\'s a radiant, empowering twist on a running essential, inspired by our human pacers who inspire through connection.',170,'shoe28.png',2,0,42),(29,' Vegan Nova Court Lifestyle ','Stay on your feet, so that you can take on today\'s quick 2-miler and bounce back in time for a longer run tomorrow. A wider forefoot and higher foam stacks add super-soft cushioning, giving you the peace of mind to pound the pavement every day. The springy responsiveness adds an element of speed to our most tested shoe to help you go faster and farther. It\'s a radiant, empowering twist on a running essential, inspired by our human pacers who inspire through connection.',200,'shoe29.png',2,1,56),(30,' EQ21 Run 2.0 Bounce Sport Running ','Stay on your feet, so that you can take on today\'s quick 2-miler and bounce back in time for a longer run tomorrow. A wider forefoot and higher foam stacks add super-soft cushioning, giving you the peace of mind to pound the pavement every day. The springy responsiveness adds an element of speed to our most tested shoe to help you go faster and farther. It\'s a radiant, empowering twist on a running essential, inspired by our human pacers who inspire through connection.',130,'shoe30.png',2,0,32),(31,' ADIZERO TAKUMI SEN 8 ','Stay on your feet, so that you can take on today\'s quick 2-miler and bounce back in time for a longer run tomorrow. A wider forefoot and higher foam stacks add super-soft cushioning, giving you the peace of mind to pound the pavement every day. The springy responsiveness adds an element of speed to our most tested shoe to help you go faster and farther. It\'s a radiant, empowering twist on a running essential, inspired by our human pacers who inspire through connection.',350,'shoe31.png',2,1,72),(32,' Aviator ProFoam Sky Running Shoes ','Stay on your feet, so that you can take on today\'s quick 2-miler and bounce back in time for a longer run tomorrow. A wider forefoot and higher foam stacks add super-soft cushioning, giving you the peace of mind to pound the pavement every day. The springy responsiveness adds an element of speed to our most tested shoe to help you go faster and farther. It\'s a radiant, empowering twist on a running essential, inspired by our human pacers who inspire through connection.',55,'shoe32.png',3,0,24),(33,' Men\'s Alpine Sneaker ','Stay on your feet, so that you can take on today\'s quick 2-miler and bounce back in time for a longer run tomorrow. A wider forefoot and higher foam stacks add super-soft cushioning, giving you the peace of mind to pound the pavement every day. The springy responsiveness adds an element of speed to our most tested shoe to help you go faster and farther. It\'s a radiant, empowering twist on a running essential, inspired by our human pacers who inspire through connection.',95,'shoe33.png',5,1,48),(34,' Converse Chuck Taylor All Star Renew ','Stay on your feet, so that you can take on today\'s quick 2-miler and bounce back in time for a longer run tomorrow. A wider forefoot and higher foam stacks add super-soft cushioning, giving you the peace of mind to pound the pavement every day. The springy responsiveness adds an element of speed to our most tested shoe to help you go faster and farther. It\'s a radiant, empowering twist on a running essential, inspired by our human pacers who inspire through connection.',85,'shoe34.png',4,0,45),(35,' Electrify Nitro Men\'s Running Shoes ','Stay on your feet, so that you can take on today\'s quick 2-miler and bounce back in time for a longer run tomorrow. A wider forefoot and higher foam stacks add super-soft cushioning, giving you the peace of mind to pound the pavement every day. The springy responsiveness adds an element of speed to our most tested shoe to help you go faster and farther. It\'s a radiant, empowering twist on a running essential, inspired by our human pacers who inspire through connection.',75,'shoe35.png',5,1,51),(36,' HARDEN STEPBACK 3 ','Stay on your feet, so that you can take on today\'s quick 2-miler and bounce back in time for a longer run tomorrow. A wider forefoot and higher foam stacks add super-soft cushioning, giving you the peace of mind to pound the pavement every day. The springy responsiveness adds an element of speed to our most tested shoe to help you go faster and farther. It\'s a radiant, empowering twist on a running essential, inspired by our human pacers who inspire through connection.',105,'shoe36.png',2,0,62),(37,' ADIDAS 4DFWD PULSE 2 ','Stay on your feet, so that you can take on today\'s quick 2-miler and bounce back in time for a longer run tomorrow. A wider forefoot and higher foam stacks add super-soft cushioning, giving you the peace of mind to pound the pavement every day. The springy responsiveness adds an element of speed to our most tested shoe to help you go faster and farther. It\'s a radiant, empowering twist on a running essential, inspired by our human pacers who inspire through connection.',225,'shoe37.png',2,1,36),(38,' RESPONSE SUPER 3.0 ','Stay on your feet, so that you can take on today\'s quick 2-miler and bounce back in time for a longer run tomorrow. A wider forefoot and higher foam stacks add super-soft cushioning, giving you the peace of mind to pound the pavement every day. The springy responsiveness adds an element of speed to our most tested shoe to help you go faster and farther. It\'s a radiant, empowering twist on a running essential, inspired by our human pacers who inspire through connection.',120,'shoe38.png',2,1,60),(39,' Converse Chuck Taylor All Star Renew Cotton ','Stay on your feet, so that you can take on today\'s quick 2-miler and bounce back in time for a longer run tomorrow. A wider forefoot and higher foam stacks add super-soft cushioning, giving you the peace of mind to pound the pavement every day. The springy responsiveness adds an element of speed to our most tested shoe to help you go faster and farther. It\'s a radiant, empowering twist on a running essential, inspired by our human pacers who inspire through connection.',80,'shoe39.png',4,0,54),(40,' Men\'s Moab Speed ','Stay on your feet, so that you can take on today\'s quick 2-miler and bounce back in time for a longer run tomorrow. A wider forefoot and higher foam stacks add super-soft cushioning, giving you the peace of mind to pound the pavement every day. The springy responsiveness adds an element of speed to our most tested shoe to help you go faster and farther. It\'s a radiant, empowering twist on a running essential, inspired by our human pacers who inspire through connection.',60,'shoe40.png',5,0,33),(41,' Softride Enzo Evo Better Men\'s Running Shoes ','Stay on your feet, so that you can take on today\'s quick 2-miler and bounce back in time for a longer run tomorrow. A wider forefoot and higher foam stacks add super-soft cushioning, giving you the peace of mind to pound the pavement every day. The springy responsiveness adds an element of speed to our most tested shoe to help you go faster and farther. It\'s a radiant, empowering twist on a running essential, inspired by our human pacers who inspire through connection.',50,'shoe41.png',3,0,73),(42,' Running Nike REVOLUTION 5 ','Stay on your feet, so that you can take on today\'s quick 2-miler and bounce back in time for a longer run tomorrow. A wider forefoot and higher foam stacks add super-soft cushioning, giving you the peace of mind to pound the pavement every day. The springy responsiveness adds an element of speed to our most tested shoe to help you go faster and farther. It\'s a radiant, empowering twist on a running essential, inspired by our human pacers who inspire through connection.',100,'shoe42.png',1,1,47),(43,' Training Nike AIR MONARCH IV ','Stay on your feet, so that you can take on today\'s quick 2-miler and bounce back in time for a longer run tomorrow. A wider forefoot and higher foam stacks add super-soft cushioning, giving you the peace of mind to pound the pavement every day. The springy responsiveness adds an element of speed to our most tested shoe to help you go faster and farther. It\'s a radiant, empowering twist on a running essential, inspired by our human pacers who inspire through connection.',58,'shoe43.png',1,0,56),(44,' Sportswear Nike AIR TAILWIND ','Stay on your feet, so that you can take on today\'s quick 2-miler and bounce back in time for a longer run tomorrow. A wider forefoot and higher foam stacks add super-soft cushioning, giving you the peace of mind to pound the pavement every day. The springy responsiveness adds an element of speed to our most tested shoe to help you go faster and farther. It\'s a radiant, empowering twist on a running essential, inspired by our human pacers who inspire through connection.',65,'shoe44.png',1,1,53),(45,' Sportswear Nike AIR MAX VG-R ','Stay on your feet, so that you can take on today\'s quick 2-miler and bounce back in time for a longer run tomorrow. A wider forefoot and higher foam stacks add super-soft cushioning, giving you the peace of mind to pound the pavement every day. The springy responsiveness adds an element of speed to our most tested shoe to help you go faster and farther. It\'s a radiant, empowering twist on a running essential, inspired by our human pacers who inspire through connection.',115,'shoe45.png',1,0,39),(46,' HYPERTURF ADVENTURE W ','Stay on your feet, so that you can take on today\'s quick 2-miler and bounce back in time for a longer run tomorrow. A wider forefoot and higher foam stacks add super-soft cushioning, giving you the peace of mind to pound the pavement every day. The springy responsiveness adds an element of speed to our most tested shoe to help you go faster and farther. It\'s a radiant, empowering twist on a running essential, inspired by our human pacers who inspire through connection.',187,'shoe46.png',2,1,44),(47,' SUPERNOVA 2.0 TME ','Stay on your feet, so that you can take on today\'s quick 2-miler and bounce back in time for a longer run tomorrow. A wider forefoot and higher foam stacks add super-soft cushioning, giving you the peace of mind to pound the pavement every day. The springy responsiveness adds an element of speed to our most tested shoe to help you go faster and farther. It\'s a radiant, empowering twist on a running essential, inspired by our human pacers who inspire through connection.',150,'shoe47.png',2,1,36),(48,' ADIDAS GRAND COURT X LEGO® 2.0 ','Stay on your feet, so that you can take on today\'s quick 2-miler and bounce back in time for a longer run tomorrow. A wider forefoot and higher foam stacks add super-soft cushioning, giving you the peace of mind to pound the pavement every day. The springy responsiveness adds an element of speed to our most tested shoe to help you go faster and farther. It\'s a radiant, empowering twist on a running essential, inspired by our human pacers who inspire through connection.',135,'shoe48.png',2,0,41),(49,' Cons Voltage Made it to The Top ','Stay on your feet, so that you can take on today\'s quick 2-miler and bounce back in time for a longer run tomorrow. A wider forefoot and higher foam stacks add super-soft cushioning, giving you the peace of mind to pound the pavement every day. The springy responsiveness adds an element of speed to our most tested shoe to help you go faster and farther. It\'s a radiant, empowering twist on a running essential, inspired by our human pacers who inspire through connection.',130,'shoe49.png',2,1,42),(50,' Converse Chuck Taylor All Star Wordmark 2.0 ','Stay on your feet, so that you can take on today\'s quick 2-miler and bounce back in time for a longer run tomorrow. A wider forefoot and higher foam stacks add super-soft cushioning, giving you the peace of mind to pound the pavement every day. The springy responsiveness adds an element of speed to our most tested shoe to help you go faster and farther. It\'s a radiant, empowering twist on a running essential, inspired by our human pacers who inspire through connection.',70,'shoe50.png',4,0,43),(51,' Chuck Taylor All Star 1970s VLTG ','Stay on your feet, so that you can take on today\'s quick 2-miler and bounce back in time for a longer run tomorrow. A wider forefoot and higher foam stacks add super-soft cushioning, giving you the peace of mind to pound the pavement every day. The springy responsiveness adds an element of speed to our most tested shoe to help you go faster and farther. It\'s a radiant, empowering twist on a running essential, inspired by our human pacers who inspire through connection.',76,'shoe51.png',4,0,35),(52,' Better Foam Xterra WTR Running Shoes ','Stay on your feet, so that you can take on today\'s quick 2-miler and bounce back in time for a longer run tomorrow. A wider forefoot and higher foam stacks add super-soft cushioning, giving you the peace of mind to pound the pavement every day. The springy responsiveness adds an element of speed to our most tested shoe to help you go faster and farther. It\'s a radiant, empowering twist on a running essential, inspired by our human pacers who inspire through connection.',55,'shoe52.png',3,1,40),(53,' Softride Enzo NXT Men\'s Running Shoes ','Stay on your feet, so that you can take on today\'s quick 2-miler and bounce back in time for a longer run tomorrow. A wider forefoot and higher foam stacks add super-soft cushioning, giving you the peace of mind to pound the pavement every day. The springy responsiveness adds an element of speed to our most tested shoe to help you go faster and farther. It\'s a radiant, empowering twist on a running essential, inspired by our human pacers who inspire through connection.',54,'shoe53.png',3,0,38),(54,' Axelion NXT Carbon FS Men\'s Running Shoes ','Stay on your feet, so that you can take on today\'s quick 2-miler and bounce back in time for a longer run tomorrow. A wider forefoot and higher foam stacks add super-soft cushioning, giving you the peace of mind to pound the pavement every day. The springy responsiveness adds an element of speed to our most tested shoe to help you go faster and farther. It\'s a radiant, empowering twist on a running essential, inspired by our human pacers who inspire through connection.',50,'shoe54.png',3,1,41),(55,' Chuck Taylor All Star Glam Dunk ','Stay on your feet, so that you can take on today\'s quick 2-miler and bounce back in time for a longer run tomorrow. A wider forefoot and higher foam stacks add super-soft cushioning, giving you the peace of mind to pound the pavement every day. The springy responsiveness adds an element of speed to our most tested shoe to help you go faster and farther. It\'s a radiant, empowering twist on a running essential, inspired by our human pacers who inspire through connection.',45,'shoe55.png',4,0,66),(56,' Converse Kids\' Chuck Taylor All Star ','Stay on your feet, so that you can take on today\'s quick 2-miler and bounce back in time for a longer run tomorrow. A wider forefoot and higher foam stacks add super-soft cushioning, giving you the peace of mind to pound the pavement every day. The springy responsiveness adds an element of speed to our most tested shoe to help you go faster and farther. It\'s a radiant, empowering twist on a running essential, inspired by our human pacers who inspire through connection.',43,'shoe56.png',4,1,36),(57,' Men\'s Moab Speed Eco ','Stay on your feet, so that you can take on today\'s quick 2-miler and bounce back in time for a longer run tomorrow. A wider forefoot and higher foam stacks add super-soft cushioning, giving you the peace of mind to pound the pavement every day. The springy responsiveness adds an element of speed to our most tested shoe to help you go faster and farther. It\'s a radiant, empowering twist on a running essential, inspired by our human pacers who inspire through connection.',91,'shoe57.png',5,0,41),(58,' Men\'s Embark Lace Sneaker ','Stay on your feet, so that you can take on today\'s quick 2-miler and bounce back in time for a longer run tomorrow. A wider forefoot and higher foam stacks add super-soft cushioning, giving you the peace of mind to pound the pavement every day. The springy responsiveness adds an element of speed to our most tested shoe to help you go faster and farther. It\'s a radiant, empowering twist on a running essential, inspired by our human pacers who inspire through connection.',110,'shoe58.png',5,1,44),(59,' Men\'s Embark Sneaker Moc Eco Dye Wide Width ','Stay on your feet, so that you can take on today\'s quick 2-miler and bounce back in time for a longer run tomorrow. A wider forefoot and higher foam stacks add super-soft cushioning, giving you the peace of mind to pound the pavement every day. The springy responsiveness adds an element of speed to our most tested shoe to help you go faster and farther. It\'s a radiant, empowering twist on a running essential, inspired by our human pacers who inspire through connection.',100,'shoe59.png',5,1,50),(60,' Men\'s Nova 2 Rainbow ','Stay on your feet, so that you can take on today\'s quick 2-miler and bounce back in time for a longer run tomorrow. A wider forefoot and higher foam stacks add super-soft cushioning, giving you the peace of mind to pound the pavement every day. The springy responsiveness adds an element of speed to our most tested shoe to help you go faster and farther. It\'s a radiant, empowering twist on a running essential, inspired by our human pacers who inspire through connection.',90,'shoe60.png',5,0,56),(61,' Men\'s Moab Flight Eco Dye ','Stay on your feet, so that you can take on today\'s quick 2-miler and bounce back in time for a longer run tomorrow. A wider forefoot and higher foam stacks add super-soft cushioning, giving you the peace of mind to pound the pavement every day. The springy responsiveness adds an element of speed to our most tested shoe to help you go faster and farther. It\'s a radiant, empowering twist on a running essential, inspired by our human pacers who inspire through connection.',98,'shoe61.png',5,1,44),(62,' AIR FORCE 1 BARLEY PAISLEY ','Stay on your feet, so that you can take on today\'s quick 2-miler and bounce back in time for a longer run tomorrow. A wider forefoot and higher foam stacks add super-soft cushioning, giving you the peace of mind to pound the pavement every day. The springy responsiveness adds an element of speed to our most tested shoe to help you go faster and farther. It\'s a radiant, empowering twist on a running essential, inspired by our human pacers who inspire through connection.',210,'shoe62.png',1,3,60),(63,' REACT PHANTOM RUN FK2 ','Stay on your feet, so that you can take on today\'s quick 2-miler and bounce back in time for a longer run tomorrow. A wider forefoot and higher foam stacks add super-soft cushioning, giving you the peace of mind to pound the pavement every day. The springy responsiveness adds an element of speed to our most tested shoe to help you go faster and farther. It\'s a radiant, empowering twist on a running essential, inspired by our human pacers who inspire through connection.',190,'shoe63.png',1,4,58),(64,' AIR MORE UPTEMPO BULLS HOOPS PACK ','Stay on your feet, so that you can take on today\'s quick 2-miler and bounce back in time for a longer run tomorrow. A wider forefoot and higher foam stacks add super-soft cushioning, giving you the peace of mind to pound the pavement every day. The springy responsiveness adds an element of speed to our most tested shoe to help you go faster and farther. It\'s a radiant, empowering twist on a running essential, inspired by our human pacers who inspire through connection.',250,'shoe64.png',1,1,30),(65,' AIR MAX 97 TRIPLE WHITE ','Stay on your feet, so that you can take on today\'s quick 2-miler and bounce back in time for a longer run tomorrow. A wider forefoot and higher foam stacks add super-soft cushioning, giving you the peace of mind to pound the pavement every day. The springy responsiveness adds an element of speed to our most tested shoe to help you go faster and farther. It\'s a radiant, empowering twist on a running essential, inspired by our human pacers who inspire through connection.',210,'shoe65.png',1,2,49),(66,' AIR MAX ZOOM 950 WHITE CHILE RED ','Stay on your feet, so that you can take on today\'s quick 2-miler and bounce back in time for a longer run tomorrow. A wider forefoot and higher foam stacks add super-soft cushioning, giving you the peace of mind to pound the pavement every day. The springy responsiveness adds an element of speed to our most tested shoe to help you go faster and farther. It\'s a radiant, empowering twist on a running essential, inspired by our human pacers who inspire through connection.',315,'shoe66.png',1,5,25),(67,' Adidas Zx 2k Boost 2.0 ‘Signal Green’ ','Stay on your feet, so that you can take on today\'s quick 2-miler and bounce back in time for a longer run tomorrow. A wider forefoot and higher foam stacks add super-soft cushioning, giving you the peace of mind to pound the pavement every day. The springy responsiveness adds an element of speed to our most tested shoe to help you go faster and farther. It\'s a radiant, empowering twist on a running essential, inspired by our human pacers who inspire through connection.',176,'shoe67.png',2,1,75),(68,' Adidas Zx 1k Boost ‘Solar Orange’ ','Stay on your feet, so that you can take on today\'s quick 2-miler and bounce back in time for a longer run tomorrow. A wider forefoot and higher foam stacks add super-soft cushioning, giving you the peace of mind to pound the pavement every day. The springy responsiveness adds an element of speed to our most tested shoe to help you go faster and farther. It\'s a radiant, empowering twist on a running essential, inspired by our human pacers who inspire through connection.',135,'shoe68.png',2,3,79),(69,' Adidas Supernova+ ‘Dash Grey/Screming Orange’ ','Stay on your feet, so that you can take on today\'s quick 2-miler and bounce back in time for a longer run tomorrow. A wider forefoot and higher foam stacks add super-soft cushioning, giving you the peace of mind to pound the pavement every day. The springy responsiveness adds an element of speed to our most tested shoe to help you go faster and farther. It\'s a radiant, empowering twist on a running essential, inspired by our human pacers who inspire through connection.',156,'shoe69.png',2,4,45),(70,' Adidas Dame 7 Fx6615 ‘I Am My Own Fan’ ','Stay on your feet, so that you can take on today\'s quick 2-miler and bounce back in time for a longer run tomorrow. A wider forefoot and higher foam stacks add super-soft cushioning, giving you the peace of mind to pound the pavement every day. The springy responsiveness adds an element of speed to our most tested shoe to help you go faster and farther. It\'s a radiant, empowering twist on a running essential, inspired by our human pacers who inspire through connection.',225,'shoe70.png',2,5,14),(71,' Adidas Alphatorsion Fv6169 ‘Grey’ ','Stay on your feet, so that you can take on today\'s quick 2-miler and bounce back in time for a longer run tomorrow. A wider forefoot and higher foam stacks add super-soft cushioning, giving you the peace of mind to pound the pavement every day. The springy responsiveness adds an element of speed to our most tested shoe to help you go faster and farther. It\'s a radiant, empowering twist on a running essential, inspired by our human pacers who inspire through connection.',125,'shoe71.png',2,2,65),(72,' Men\'s Jungle Moc Wool ','Stay on your feet, so that you can take on today\'s quick 2-miler and bounce back in time for a longer run tomorrow. A wider forefoot and higher foam stacks add super-soft cushioning, giving you the peace of mind to pound the pavement every day. The springy responsiveness adds an element of speed to our most tested shoe to help you go faster and farther. It\'s a radiant, empowering twist on a running essential, inspired by our human pacers who inspire through connection.',80,'shoe72.png',5,1,29),(73,' Men\'s Moab Flight Eco Dye ','Stay on your feet, so that you can take on today\'s quick 2-miler and bounce back in time for a longer run tomorrow. A wider forefoot and higher foam stacks add super-soft cushioning, giving you the peace of mind to pound the pavement every day. The springy responsiveness adds an element of speed to our most tested shoe to help you go faster and farther. It\'s a radiant, empowering twist on a running essential, inspired by our human pacers who inspire through connection.',94,'shoe73.png',5,4,10),(74,' Men\'s Agility Peak 4 ','Stay on your feet, so that you can take on today\'s quick 2-miler and bounce back in time for a longer run tomorrow. A wider forefoot and higher foam stacks add super-soft cushioning, giving you the peace of mind to pound the pavement every day. The springy responsiveness adds an element of speed to our most tested shoe to help you go faster and farther. It\'s a radiant, empowering twist on a running essential, inspired by our human pacers who inspire through connection.',105,'shoe74.png',5,3,76),(75,' Men\'s MTL Long Sky 2 ','Stay on your feet, so that you can take on today\'s quick 2-miler and bounce back in time for a longer run tomorrow. A wider forefoot and higher foam stacks add super-soft cushioning, giving you the peace of mind to pound the pavement every day. The springy responsiveness adds an element of speed to our most tested shoe to help you go faster and farther. It\'s a radiant, empowering twist on a running essential, inspired by our human pacers who inspire through connection.',140,'shoe75.png',5,2,50),(76,' Men\'s Jungle Moc Explorer ','Stay on your feet, so that you can take on today\'s quick 2-miler and bounce back in time for a longer run tomorrow. A wider forefoot and higher foam stacks add super-soft cushioning, giving you the peace of mind to pound the pavement every day. The springy responsiveness adds an element of speed to our most tested shoe to help you go faster and farther. It\'s a radiant, empowering twist on a running essential, inspired by our human pacers who inspire through connection.',61,'shoe76.png',5,5,82),(77,' Chuck Taylor All Star II Basket Weave Fuse ','Stay on your feet, so that you can take on today\'s quick 2-miler and bounce back in time for a longer run tomorrow. A wider forefoot and higher foam stacks add super-soft cushioning, giving you the peace of mind to pound the pavement every day. The springy responsiveness adds an element of speed to our most tested shoe to help you go faster and farther. It\'s a radiant, empowering twist on a running essential, inspired by our human pacers who inspire through connection.',52,'shoe77.png',4,1,32),(78,' Converse Kids\' Chuck Taylor All Star ','Stay on your feet, so that you can take on today\'s quick 2-miler and bounce back in time for a longer run tomorrow. A wider forefoot and higher foam stacks add super-soft cushioning, giving you the peace of mind to pound the pavement every day. The springy responsiveness adds an element of speed to our most tested shoe to help you go faster and farther. It\'s a radiant, empowering twist on a running essential, inspired by our human pacers who inspire through connection.',54,'shoe78.png',4,2,65),(79,' Chuck Taylor All Star 70s Full Gator ','Stay on your feet, so that you can take on today\'s quick 2-miler and bounce back in time for a longer run tomorrow. A wider forefoot and higher foam stacks add super-soft cushioning, giving you the peace of mind to pound the pavement every day. The springy responsiveness adds an element of speed to our most tested shoe to help you go faster and farther. It\'s a radiant, empowering twist on a running essential, inspired by our human pacers who inspire through connection.',85,'shoe79.png',4,4,17),(80,' Chuck Taylor All Star II Festival Knit  ','Stay on your feet, so that you can take on today\'s quick 2-miler and bounce back in time for a longer run tomorrow. A wider forefoot and higher foam stacks add super-soft cushioning, giving you the peace of mind to pound the pavement every day. The springy responsiveness adds an element of speed to our most tested shoe to help you go faster and farther. It\'s a radiant, empowering twist on a running essential, inspired by our human pacers who inspire through connection.',43,'shoe80.png',4,5,68),(81,' Chuck Taylor All Star High Top ','Stay on your feet, so that you can take on today\'s quick 2-miler and bounce back in time for a longer run tomorrow. A wider forefoot and higher foam stacks add super-soft cushioning, giving you the peace of mind to pound the pavement every day. The springy responsiveness adds an element of speed to our most tested shoe to help you go faster and farther. It\'s a radiant, empowering twist on a running essential, inspired by our human pacers who inspire through connection.',44,'shoe81.png',4,3,69),(82,' TERRAE MID AFRICA ZADP ','Stay on your feet, so that you can take on today\'s quick 2-miler and bounce back in time for a longer run tomorrow. A wider forefoot and higher foam stacks add super-soft cushioning, giving you the peace of mind to pound the pavement every day. The springy responsiveness adds an element of speed to our most tested shoe to help you go faster and farther. It\'s a radiant, empowering twist on a running essential, inspired by our human pacers who inspire through connection.',300,'shoe82.png',3,1,10);
/*!40000 ALTER TABLE `product` ENABLE KEYS */;
UNLOCK TABLES;

--
-- Table structure for table `ship`
--

DROP TABLE IF EXISTS `ship`;
/*!40101 SET @saved_cs_client     = @@character_set_client */;
/*!50503 SET character_set_client = utf8 */;
CREATE TABLE `ship` (
  `CityName` varchar(500) NOT NULL,
  `ShipPrice` double DEFAULT NULL
) ENGINE=InnoDB DEFAULT CHARSET=utf8 COLLATE=utf8_general_ci;
/*!40101 SET character_set_client = @saved_cs_client */;

--
-- Dumping data for table `ship`
--

LOCK TABLES `ship` WRITE;
/*!40000 ALTER TABLE `ship` DISABLE KEYS */;
INSERT INTO `ship` VALUES ('Cần Thơ',35000),('Đà Nẵng',40000),('Hà Nội',45000),('Hải Phòng',35000),('TP Hồ Chí Minh',15000),('Nha Trang',25000),('Hà Tĩnh',35000),('Biên Hòa',45000);
/*!40000 ALTER TABLE `ship` ENABLE KEYS */;
UNLOCK TABLES;

--
-- Table structure for table `users`
--

DROP TABLE IF EXISTS `users`;
/*!40101 SET @saved_cs_client     = @@character_set_client */;
/*!50503 SET character_set_client = utf8 */;
CREATE TABLE `users` (
  `UserID` int NOT NULL AUTO_INCREMENT,
  `UserName` varchar(250) NOT NULL,
  `Password` varchar(250) NOT NULL,
  `UserEmail` varchar(250) NOT NULL,
  `isSeller` int DEFAULT NULL,
  `isAdmin` int DEFAULT NULL,
  PRIMARY KEY (`UserID`),
  UNIQUE KEY `email_UNIQUE` (`UserEmail`)
) ENGINE=InnoDB AUTO_INCREMENT=11 DEFAULT CHARSET=utf8 COLLATE=utf8_general_ci;
/*!40101 SET character_set_client = @saved_cs_client */;

--
-- Dumping data for table `users`
--

LOCK TABLES `users` WRITE;
/*!40000 ALTER TABLE `users` DISABLE KEYS */;
INSERT INTO `users` VALUES (1,'NghiaHoang','54321','a@gmail.com',1,1),(2,'Nguyen A','11111','b@gmail.com',1,0),(3,'Tran C','24680','c@gmail.com',0,0),(5,'Hieu','123456','d@gmail.com',NULL,NULL),(8,'Hoang A','20012001','e@gmail.com',NULL,NULL),(9,'aaaa','111','t@gmail.com',NULL,NULL),(10,'DaiNghia','12345','hnam87583@gmail.com',1,1);
/*!40000 ALTER TABLE `users` ENABLE KEYS */;
UNLOCK TABLES;
/*!40103 SET TIME_ZONE=@OLD_TIME_ZONE */;

/*!40101 SET SQL_MODE=@OLD_SQL_MODE */;
/*!40014 SET FOREIGN_KEY_CHECKS=@OLD_FOREIGN_KEY_CHECKS */;
/*!40014 SET UNIQUE_CHECKS=@OLD_UNIQUE_CHECKS */;
/*!40101 SET CHARACTER_SET_CLIENT=@OLD_CHARACTER_SET_CLIENT */;
/*!40101 SET CHARACTER_SET_RESULTS=@OLD_CHARACTER_SET_RESULTS */;
/*!40101 SET COLLATION_CONNECTION=@OLD_COLLATION_CONNECTION */;
/*!40111 SET SQL_NOTES=@OLD_SQL_NOTES */;

-- Dump completed on 2022-12-07 22:20:33
